Model,Set,Accuracy,Precision,Recall,F1-Score,Global Score
Gradient Boosting + LightGBM + XGBoost,Training,0.9369047619047619,0.939694785958991,0.9369047619047619,0.9359235050716612,93.74
Gradient Boosting + LightGBM + XGBoost,Test,0.7061611374407583,0.6602570368948958,0.7061611374407583,0.6710872601016631,68.59
